char,freq
不,40434
人,34249
一,33904
风,28744
山,27219
无,27027
来,23940
有,22081
花,20714
日,20225
春,19430
天,18603
年,18265
云,17280
何,16986
时,16895
中,16332
自,15848
月,15205
知,15136
水,14755
上,14525
生,14406
得,14114
未,13724
是,13608
如,13469
归,12867
老,12629
相,12240
清,12146
为,12107
事,11997
雨,11957
江,11708
心,11377
去,11354
今,11354
处,11262
诗,11190
此,11055
白,10864
君,10826
三,10797
长,10739
秋,10674
更,10544
家,10515
行,10342
寒,10262
见,10214
千,10208
里,10105
已,9900
明,9751
夜,9709
看,9694
新,9637
万,9567
空,9555
头,9548
青,9453
下,9308
前,9292
在,9241
客,9187
声,9181
酒,9158
子,9137
高,9006
谁,8967
与,8674
欲,8590
多,8581
我,8580
作,8538
玉,8521
东,8501
门,8428
南,8303
落,8299
间,8248
尽,8229
到,8192
开,8182
书,8182
成,8090
西,8035
香,8016
似,7799
可,7663
深,7560
身,7552
飞,7522
道,7493
从,7455
雪,7419
流,7396
烟,7374
应,7333
犹,7247
十,7147
金,7135
莫,7053
须,7012
几,7006
只,6936
黄,6886
地,6870
重,6847
入,6830
能,6815
梦,6787
红,6753
古,6723
出,6716
满,6696
世,6669
平,6666
尘,6640
回,6587
旧,6579
过,6565
向,6416
名,6402
还,6320
分,6308
草,6263
林,6261
光,6250
路,6175
朝,6134
城,6097
同,6085
好,6070
公,6024
游,6010
将,5916
意,5911
笑,5879
色,5879
小,5865
边,5834
却,5718
闲,5692
百,5687
仙,5659
醉,5642
海,5607
当,5606
愁,5592
独,5557
石,5534
情,5517
难,5511
阳,5461
梅,5391
竹,5375
半,5364
衣,5361
溪,5349
马,5297
然,5255
闻,5231
树,5217
思,5207
两,5196
亦,5161
楼,5125
故,5113
眼,5083
曾,5078
外,5072
后,5003
真,4986
晚,4971
问,4916
方,4826
岁,4819
湖,4793
远,4783
龙,4783
少,4779
初,4769
华,4768
枝,4766
吟,4724
非,4687
又,4632
留,4624
气,4618
别,4579
随,4543
阴,4516
五,4501
安,4488
叶,4479
先,4411
松,4370
柳,4350
望,4325
绿,4296
大,4288
北,4270
文,4267
台,4264
野,4216
正,4198
霜,4181
寻,4161
起,4153
传,4108
四,4052
坐,4025
碧,4025
发,3989
物,3932
歌,3909
窗,3909
逢,3905
便,3902
复,3902
堪,3890
数,3888
喜,3886
共,3880
翠,3802
孤,3801
尚,3755
断,3734
残,3731
对,3712
吹,3706
惊,3652
官,3632
语,3622
舟,3617
九,3580
关,3572
轻,3566
影,3537
神,3524
经,3515
晴,3507
晓,3466
说,3458
言,3437
病,3418
休,3410
幽,3409
堂,3390
听,3388
国,3379
才,3374
乐,3366
浮,3324
吾,3324
波,3304
王,3303
若,3292
州,3291
微,3275
二,3273
岂,3272
手,3264
近,3262
翁,3244
亭,3232
照,3231
觉,3229
怜,3219
儿,3205
露,3202
胜,3200
峰,3190
兴,3189
画,3186
疏,3177
宫,3135
园,3124
萧,3123
泉,3091
双,3060
鹤,3055
乡,3050
学,3013
鱼,3008
识,2989
且,2989
终,2988
余,2984
木,2965
凉,2939
久,2938
太,2931
和,2929
离,2928
面,2924
恨,2921
居,2915
送,2914
要,2907
穷,2900
容,2892
临,2884
暮,2883
紫,2880
解,2871
池,2867
丹,2867
著,2864
鸟,2853
芳,2851
常,2850
桃,2849
爱,2842
依,2839
元,2839
许,2834
功,2833
庭,2813
苍,2804
信,2777
使,2763
忆,2753
句,2742
僧,2738
绝,2736
横,2736
斜,2735
船,2724
倚,2710
合,2708
用,2705
杯,2704
灯,2698
苦,2687
汉,2677
曲,2673
节,2671
定,2670
田,2669
怀,2663
首,2645
因,2639
早,2626
星,2625
教,2623
寄,2622
底,2606
动,2605
点,2603
冷,2601
转,2594
虚,2592
连,2574
直,2573
沙,2572
细,2571
待,2566
登,2563
车,2563
河,2560
忽,2556
夫,2540
六,2538
把,2485
村,2481
静,2455
争,2452
通,2439
士,2424
垂,2412
都,2410
带,2404
寂,2397
雁,2395
破,2368
浪,2367
火,2347
但,2324
亲,2318
会,2309
景,2299
立,2299
端,2298
足,2294
忘,2292
论,2277
笔,2275
期,2274
屋,2272
灵,2268
度,2259
肯,2255
岩,2245
力,2241
卧,2234
燕,2221
放,2219
隐,2218
隔,2209
鸣,2196
锦,2191
桥,2190
卷,2185
川,2178
鬓,2168
丝,2150
主,2148
最,2141
散,2130
迟,2120
虽,2118
收,2115
郎,2108
贤,2106
令,2103
往,2097
他,2092
纷,2065
缘,2064
荒,2064
惟,2055
閒,2053
遥,2042
字,2036
乱,2028
遗,2026
陵,2025
易,2024
夕,2023
想,2023
佳,2019
那,2016
消,2010
疑,2007
章,2004
移,2000
取,1998
颜,1996
种,1988
眠,1986
绕,1985
冰,1975
本,1965
昔,1954
伴,1943
载,1925
宜,1923
催,1912
凤,1911
斗,1910
妨,1906
阁,1905
死,1898
观,1890
径,1890
悠,1886
翻,1885
了,1885
群,1883
师,1881
诸,1881
洞,1875
奇,1861
楚,1857
也,1853
至,1851
交,1845
暗,1843
衰,1835
俗,1833
女,1832
试,1830
钓,1819
漫,1817
片,1816
报,1811
化,1809
聊,1800
全,1800
岸,1798
舞,1797
忧,1796
宿,1790
步,1789
杨,1789
藏,1783
机,1783
悲,1782
始,1777
暖,1775
尺,1771
赋,1768
计,1767
乘,1765
朱,1765
枕,1764
霞,1760
之,1753
求,1751
住,1735
骨,1734
英,1723
味,1718
图,1718
珠,1713
泪,1713
题,1710
冠,1706
帝,1701
牛,1699
吴,1698
频,1694
八,1693
圣,1692
啼,1674
渔,1673
记,1672
帘,1671
盘,1667
干,1666
谢,1660
菊,1656
目,1654
迹,1654
蓬,1653
飘,1645
昏,1639
饮,1638
惜,1635
短,1633
所,1632
寺,1623
皆,1620
傍,1614
恩,1612
折,1609
口,1608
禅,1605
鼓,1604
兰,1602
第,1601
薄,1601
苔,1599
药,1598
宁,1596
李,1592
凭,1591
涯,1590
参,1588
音,1587
结,1580
钟,1577
逐,1574
魂,1571
殿,1567
恐,1561
者,1557
食,1549
壁,1544
负,1543
民,1542
鸡,1540
根,1537
读,1534
即,1525
指,1521
谷,1520
户,1519
骑,1518
迎,1517
劳,1516
淡,1514
拂,1509
强,1506
狂,1505
每,1505
床,1504
由,1501
原,1501
邻,1499
贫,1499
孙,1496
茅,1492
偏,1491
辞,1485
泥,1477
携,1473
樽,1466
睡,1466
侯,1465
敢,1465
谈,1462
角,1460
乾,1459
钱,1458
皇,1456
必,1447
借,1444
渠,1428
渐,1424
檐,1417
叹,1416
欢,1412
贵,1403
臣,1402
管,1402
荷,1398
低,1396
愧,1395
秦,1395
急,1391
息,1389
七,1386
异,1383
琴,1379
添,1375
精,1372
银,1368
念,1367
佛,1366
杖,1359
拟,1350
齐,1344
倾,1344
于,1342
尊,1341
阑,1338
土,1337
修,1336
馀,1336
浑,1334
呼,1333
舍,1329
庐,1329
剑,1328
篱,1326
轩,1320
接,1318
洗,1317
偶,1317
罗,1316
封,1316
业,1310
市,1309
桂,1306
摇,1305
妙,1301
持,1301
俱,1299
岭,1298
比,1298
甘,1296
工,1296
肠,1292
桑,1288
茶,1287
唤,1286
沉,1283
茫,1283
鸿,1282
罢,1282
映,1282
幸,1278
及,1276
扶,1274
荣,1274
醒,1272
眉,1272
炉,1270
斋,1267
条,1265
镜,1264
总,1263
遣,1260
伤,1255
迷,1249
约,1248
禁,1247
举,1246
稀,1242
墙,1242
法,1240
遍,1237
莺,1236
侵,1235
虎,1234
政,1233
雄,1233
唯,1230
危,1230
乌,1230
供,1227
怪,1224
守,1222
军,1221
鸥,1215
栏,1212
莲,1211
存,1210
追,1210
德,1207
枯,1207
纵,1203
着,1202
杜,1201
除,1199
素,1198
并,1194
访,1194
洛,1190
倒,1183
羽,1173
淮,1173
潮,1171
暂,1171
耕,1171
任,1170
仍,1167
帆,1166
梁,1166
付,1163
惭,1162
熟,1162
社,1161
弄,1160
征,1153
尔,1152
厌,1150
扫,1150
陈,1150
极,1150
投,1147
穿,1146
宝,1143
栖,1142
塘,1135
儒,1135
引,1128
昨,1124
洲,1124
被,1123
寿,1123
称,1123
愿,1122
丛,1120
兵,1120
勤,1117
沧,1117
渡,1117
周,1116
毛,1116
况,1116
墨,1112
话,1111
壶,1109
买,1108
觅,1107
失,1105
掩,1101
嫌,1098
篇,1096
感,1096
奈,1093
雷,1091
宽,1090
挂,1088
湘,1088
埃,1088
美,1087
浅,1086
京,1086
童,1083
就,1080
吏,1080
轮,1077
拥,1074
闭,1071
胡,1070
采,1069
策,1065
浓,1063
武,1062
於,1061
个,1060
走,1059
阙,1057
命,1050
壮,1047
嗟,1044
以,1043
属,1043
彩,1042
湿,1042
招,1039
房,1036
御,1032
泽,1030
赏,1029
懒,1027
差,1022
府,1022
旗,1021
蝶,1019
旋,1019
室,1019
变,1019
弦,1014
脚,1011
鼎,1011
抱,1005
占,1004
忙,1003
锁,1003
忍,1001
羡,1001
丰,999
瘦,997
张,997
凄,997
饱,996
踏,995
饭,993
井,992
玄,990
富,987
袖,986
友,986
团,984
屏,980
丘,976
理,975
乞,974
压,974
塞,974
圆,973
再,972
境,972
巾,970
盖,970
零,968
猿,967
妆,960
耳,960
历,960
写,958
昼,958
史,957
含,955
丈,951
徒,951
夸,948
蜀,948
漠,947
战,945
竟,945
雾,941
栽,940
午,939
养,938
尝,938
赤,936
层,929
志,928
囊,928
避,921
骚,920
畔,920
咏,915
程,910
烦,909
琼,908
怅,908
沈,906
越,905
倦,903
扬,901
围,901
场,896
津,895
蒲,895
形,891
宵,890
等,887
趁,886
殊,886
霄,885
寥,884
赖,882
冥,882
拜,881
漏,880
良,879
麦,877
蒙,877
桐,877
铁,876
粉,875
陶,871
源,869
界,868
绣,866
退,866
苏,865
父,864
悬,863
象,862
净,856
推,853
宾,852
烛,851
羞,851
怕,850
唐,849
驾,848
阶,848
笼,847
各,845
痕,845
豪,843
浦,841
顾,840
密,839
鹭,836
弟,835
巧,834
襟,832
胸,832
凌,829
晨,825
壑,824
脱,824
觞,822
众,822
院,822
唱,821
内,821
叠,819
坤,819
瑶,818
腰,816
酬,816
凝,815
暑,814
怨,814
攀,814
滴,813
笛,813
驱,812
曹,812
鞭,812
披,812
销,811
调,810
限,808
区,808
郊,803
受,803
势,803
亡,802
际,799
索,798
郡,798
严,797
环,796
荆,796
舆,796
词,795
盛,795
旌,795
席,795
夏,794
秀,794
杀,794
扁,793
染,792
班,792
禽,791
兄,790
省,789
裹,788
杏,788
泛,788
寸,787
扉,784
性,783
郭,782
遇,780
诏,779
纸,778
编,777
竿,776
涧,776
甚,776
背,775
冬,773
农,771
柴,771
鸦,770
广,770
没,770
健,769
造,769
陪,769
艳,768
刘,766
永,765
鸾,764
兼,764
渺,762
途,762
洒,762
次,762
营,760
祖,759
蝉,758
繁,757
磨,756
崖,756
谋,756
堤,756
寞,755
匆,755
嘉,754
换,754
宦,753
费,752
夷,752
棠,750
尧,750
堆,749
毫,749
痴,748
误,744
堕,744
其,742
宇,742
苑,738
馆,737
衔,736
代,735
梢,732
实,730
饥,728
侍,727
打,726
斯,725
忠,724
义,723
珍,722
商,722
宗,722
後,721
羊,720
认,718
积,716
踪,715
阔,714
棹,713
免,712
恶,711
涛,710
浩,710
阿,709
升,708
甲,707
汝,706
欠,706
印,705
佩,704
谩,704
支,702
插,701
幕,701
布,699
莱,698
荡,697
巢,697
烧,696
辈,695
挥,693
护,693
礼,690
止,690
帐,690
冲,689
翩,686
岳,686
略,685
庙,683
裘,683
矣,683
领,683
废,681
累,680
斑,680
遮,679
棋,678
灰,676
劝,674
戏,673
致,673
瑞,672
姓,670
碑,670
樵,668
谓,668
坛,667
利,667
腊,667
顷,667
彻,665
簪,662
剩,662
芦,660
鬼,660
卿,659
喧,656
宴,655
滩,654
列,653
藤,652
烂,651
奏,650
快,650
辰,650
鳞,648
宅,648
料,647
番,647
伯,646
欣,646
殷,646
号,646
量,645
弹,644
恰,643
陌,643
铜,642
沾,641
承,640
黑,637
系,637
絮,637
肥,636
县,634
样,633
贪,632
屈,631
赐,629
晖,629
窥,629
饶,629
驰,627
槛,626
慰,625
果,624
巷,622
雅,622
蕊,620
柏,620
响,617
哀,616
摩,616
卜,615
奉,612
顶,609
藜,608
表,607
覆,606
排,606
尾,605
惆,605
宣,604
固,604
射,603
笋,602
坡,601
否,600
尤,600
哉,600
集,595
丁,593
笙,591
润,591
渊,590
刀,589
薰,588
驿,588
稳,587
盈,586
输,586
座,586
鹿,585
韵,585
而,585
龟,585
进,584
献,584
帽,583
仁,583
恋,583
麻,582
趣,581
荐,581
潜,579
奔,575
潭,573
减,572
潇,572
衫,572
提,570
牙,570
炎,569
祠,569
吐,568
符,566
乍,563
竞,563
萝,561
泊,561
钩,559
简,559
仰,559
抛,558
履,557
剪,557
齿,556
冻,556
庵,556
颇,556
腾,556
颠,556
威,555
般,554
槐,552
击,552
停,551
梧,551
聚,551
筵,548
鲜,547
旅,546
辛,546
瓶,543
绮,540
体,540
霏,540
稻,540
凡,539
榻,539
继,538
母,538
驻,538
辉,538
晋,537
温,535
展,535
迢,534
险,533
衡,532
袍,531
柱,529
亩,529
牵,529
活,528
透,527
特,526
盟,526
澄,524
施,524
扇,524
裳,523
联,523
降,523
达,522
拾,522
融,522
箫,521
腹,519
屡,518
改,517
翰,515
困,515
朋,514
偷,514
迁,512
趋,512
犬,511
蜂,509
善,509
餐,508
姑,508
杳,506
态,505
衮,505
补,504
妇,503
欺,502
敲,501
卖,501
埋,500
徐,500
森,500
庆,499
刻,499
济,495
叟,494
粟,493
福,493
纶,491
品,490
续,490
束,489
伏,489
米,488
延,488
司,488
筇,488
徊,488
鹊,487
芝,487
郁,486
遂,486
敌,486
违,485
服,485
科,484
绵,484
枉,484
裁,483
滨,483
欹,481
切,480
芙,480
助,480
虫,480
疾,479
悟,479
蓑,479
规,478
血,478
乃,478
娥,476
纱,476
鼻,476
岛,476
霁,476
峡,475
涨,475
拙,475
戎,474
筑,474
霭,474
逸,473
请,473
瓦,472
妍,471
雀,471
治,470
酣,469
鉴,468
织,468
鞍,468
掌,467
惯,467
梨,466
祝,466
蛮,465
惠,465
顿,464
蹄,463
陇,461
娇,460
韩,460
渚,460
暇,459
碎,459
夹,459
勿,458
鲁,456
诵,456
触,456
畏,455
标,455
加,455
籍,453
酌,453
羹,453
旬,452
案,452
倍,451
陆,451
汀,451
雕,451
伊,449
拍,447
阵,446
冉,445
益,443
枫,442
左,442
肩,442
杂,441
增,440
虹,440
菜,438
赠,438
羁,437
怯,437
绛,435
蛇,434
啸,434
萦,434
价,433
祗,433
探,433
贺,432
汗,431
姿,431
吞,430
肉,430
瓜,429
舒,429
恼,429
徘,429
纤,428
泣,427
返,427
丽,426
炊,426
适,425
典,425
昌,425
建,424
株,424
孔,423
芜,421
蔬,420
候,420
砚,418
舌,418
奴,418
澹,418
圃,417
禄,416
戈,416
藉,416
刺,415
挽,415
办,415
勋,415
牧,415
谪,415
庄,414
凋,413
璧,412
岚,410
兔,409
诚,409
焚,408
煮,407
置,406
末,406
厚,405
屐,404
阅,403
慵,402
涂,402
濯,402
廊,401
葛,401
蚕,401
麟,400
芽,400
予,399
娟,399
蓉,397
锄,397
网,397
仲,396
祥,396
潺,393
孰,392
灭,392
汤,392
渭,391
塔,391
局,391
兀,391
浸,390
驴,389
瑟,389
酸,389
鲸,388
街,388
耐,388
浊,387
傅,387
术,387
错,386
制,385
赊,385
热,384
委,384
障,383
槎,383
段,382
运,382
装,382
滞,382
翼,381
旁,380
邀,379
缕,379
瞻,379
摘,379
慈,378
嫩,377
纪,376
邦,376
弓,374
哭,373
缓,373
愚,373
邑,372
摧,372
康,372
己,371
材,371
橘,371
湾,370
仪,370
律,370
劫,370
镇,369
萍,369
维,368
膏,368
稍,368
跨,368
蟠,367
婆,367
单,367
弥,366
陂,366
巴,366
蟾,366
弃,365
男,365
的,364
托,364
私,364
峨,364
袅,363
凛,361
拨,361
氏,361
坚,360
幅,359
簇,359
瀛,359
牢,359
讲,359
架,358
藓,358
颓,358
俯,358
辟,358
艇,357
昭,356
芒,356
铺,356
博,355
仗,355
柔,354
缀,354
拈,353
脉,352
渴,352
假,352
猎,350
爽,350
砌,350
矶,350
扰,350
宋,349
醪,349
振,349
具,348
苗,348
鸳,347
侬,347
酿,347
烹,347
歇,345
孟,345
视,345
涵,345
败,344
魏,344
沟,343
韶,342
部,342
谒,341
虑,340
怒,340
霖,340
傲,340
瓮,339
妃,339
凿,339
较,338
垣,338
穴,338
侧,337
寐,336
疎,336
碍,336
衲,335
畦,334
侣,334
右,333
卢,333
畴,333
叫,333
值,332
优,332
默,332
鞋,331
沽,331
幻,331
既,331
凰,331
鳌,330
辱,329
遭,329
鹃,327
貂,327
戴,327
鲈,327
宰,327
或,327
乳,326
朔,326
蓝,325
篷,325
迥,324
资,324
溟,324
浴,324
慨,323
灶,323
皮,323
刚,322
闾,322
钵,322
嶂,321
瘴,321
专,321
役,321
簿,321
冈,320
线,320
牡,320
辨,319
茗,319
艰,319
峦,318
锡,318
阻,318
梯,318
超,318
筹,317
类,317
兹,317
箭,317
薇,317
朵,316
鹅,316
魄,316
搜,315
兮,315
预,315
巡,315
崔,314
习,313
旆,313
效,313
虞,312
笠,311
赵,310
宸,309
孝,309
黍,308
软,308
岫,308
逃,308
勒,308
痛,307
滑,307
盆,307
皋,306
悴,306
粗,306
洪,304
蜡,304
坠,303
稽,303
毕,303
防,302
廷,302
缨,302
钧,302
盏,302
淹,301
贾,301
季,301
保,300
澜,299
耸,299
逼,299
蚁,299
议,298
榜,298
夺,298
医,297
熙,297
权,297
宠,297
荔,297
瓢,297
袂,296
赢,295
曳,295
契,294
茂,294
促,294
闽,293
涉,293
泠,293
款,292
抵,292
旦,292
顽,291
格,291
整,291
反,291
肌,291
答,291
像,290
汲,289
位,288
呈,288
耿,288
柯,288
暝,287
筠,287
悭,287
乔,286
髯,286
范,285
混,285
辇,285
愈,285
蒸,284
逆,284
萤,284
坟,284
瓯,284
岐,284
篆,283
妻,282
校,282
菲,282
扑,281
戍,281
霓,281
裙,280
拄,280
弱,280
闱,279
衢,278
惨,278
茎,278
吊,278
包,278
熏,277
凫,277
迳,277
颂,277
萼,277
妄,276
悔,276
叔,275
闹,275
珊,274
梵,274
敛,274
希,274
召,274
琅,273
斛,273
挑,272
蛟,272
慕,272
咫,271
犀,271
抽,271
岑,271
职,270
锋,270
植,270
帷,269
娱,269
浙,269
麾,268
扃,267
棘,267
毡,267
掷,267
选,267
篮,266
庾,266
捧,266
店,266
旱,265
崇,265
禹,265
注,265
彭,265
练,265
脂,264
貌,264
盐,264
稚,264
丞,264
雏,264
哦,263
涌,263
煎,263
蕉,263
寰,263
磬,263
媚,262
榆,262
簟,262
嗔,262
犯,262
嘶,262
贱,260
鹏,260
杰,260
电,260
检,259
窟,259
藻,258
篁,258
搔,257
蜜,257
算,257
均,257
嵘,257
绪,257
苇,257
薪,257
臂,257
嵩,256
些,256
油,256
咽,256
它,256
逅,256
览,255
胆,254
峥,254
循,254
冢,254
扣,254
洁,254
邂,254
狼,252
启,252
污,251
炼,251
褐,251
斟,251
突,251
纳,251
翅,250
俄,250
瀑,250
嵬,250
泻,250
决,249
憔,249
隅,249
禾,249
豆,249
监,249
挟,248
蛙,248
彼,248
模,248
纹,248
翔,247
宛,247
缥,246
擅,246
偃,246
讶,246
羸,245
漾,245
评,245
黛,245
卫,245
檀,244
跃,244
舜,244
据,244
卑,244
匀,243
现,243
佐,243
焦,243
巫,242
仅,242
递,242
犊,242
飒,242
虏,242
板,242
粲,242
蒿,242
函,241
质,241
衙,241
耆,241
昆,240
坏,240
准,240
抚,240
剡,240
铃,239
央,239
按,238
操,238
派,238
魔,238
蔽,238
莎,237
炷,237
巨,237
谏,237
巍,237
嬉,237
卮,237
赴,236
阮,236
豹,236
斧,235
厨,235
仆,235
狐,235
滔,235
鼠,235
执,235
绶,235
蹇,235
膝,234
浇,234
握,233
智,232
涕,232
榴,232
郑,232
笺,232
妖,232
黯,231
肝,231
苹,230
棱,230
梳,230
贮,230
靖,230
戒,230
衾,230
寝,230
倩,229
绳,229
伦,228
患,228
菱,227
皎,227
损,227
鸭,227
旷,226
邮,226
钗,226
逍,225
速,225
担,225
浆,225
拳,224
充,224
滋,224
拔,224
葩,224
咸,224
坞,224
葱,224
缠,223
羲,223
秘,223
铅,222
判,222
焰,222
基,222
激,221
叩,221
玩,221
樯,221
鸠,221
墓,221
颗,221
丧,220
秧,219
仕,219
绡,219
漂,219
戟,219
豁,218
祸,218
墀,218
陋,217
设,217
僻,217
撩,216
犁,216
蛾,216
蔓,216
筒,216
砂,216
峭,216
序,216
剧,215
藕,215
骊,215
珑,214
仞,214
辔,214
椽,214
示,214
廉,214
甫,213
课,213
遽,212
啄,212
辽,212
让,211
嚼,211
裾,211
泰,211
仓,211
雉,210
潘,210
坊,210
缺,210
菰,210
垒,209
匹,209
骄,209
溅,209
荫,208
璃,208
樱,208
茸,208
屦,208
迂,208
伸,207
饼,207
襄,206
肤,206
抹,206
逾,206
涓,206
缈,205
贯,205
蹉,205
晏,205
蕙,205
勇,205
颐,204
龄,204
舂,204
锺,204
蓼,203
贼,203
轴,202
刑,202
罪,202
醅,202
授,201
鹄,201
憎,201
尖,201
尉,200
屠,200
寓,200
溶,199
债,199
晶,199
蛩,198
逋,198
皓,198
阖,198
骥,197
尹,197
娑,197
胥,197
栋,197
傥,196
莽,196
俊,196
顺,196
卒,196
芬,196
宙,195
蠹,195
柄,195
胎,195
溜,195
烈,195
鸯,194
椒,194
沼,194
擎,194
蟹,193
冕,193
砧,192
髭,192
湛,192
跻,192
贡,191
剥,191
耻,191
冤,191
释,191
荻,191
馨,191
截,191
氛,191
割,190
帖,189
册,189
琐,189
敬,189
撼,189
橐,189
朽,188
玲,188
滟,188
腥,188
隆,188
檠,188
惹,188
檄,188
銮,188
谙,188
针,187
航,187
噪,187
葵,187
碗,186
誉,186
楫,186
拘,185
告,185
撑,185
箧,185
杉,184
疲,184
萸,184
栗,184
驭,184
蔡,184
耶,184
斩,184
粥,184
恍,183
脸,183
臾,183
萋,183
捷,182
壤,182
韦,182
肃,182
焉,182
附,182
骖,182
烘,181
猜,181
颊,181
申,181
藩,181
翳,181
莓,180
籁,180
耀,180
曙,180
鲤,180
项,179
淳,179
裂,178
榭,178
攒,178
霸,178
闺,178
桧,178
漪,177
蹊,177
讯,177
筋,177
状,177
辙,177
疆,177
姬,176
做,176
卓,176
骸,176
逝,176
掠,176
樊,175
纲,174
翦,174
培,174
俎,174
跳,174
陀,173
嬾,173
拆,173
盍,173
屯,173
邪,173
劲,172
鹦,172
笳,172
匝,172
鬟,171
稼,171
嫁,171
奚,171
幢,171
熊,171
幡,171
篙,171
粒,170
猛,170
崎,170
妒,169
缚,169
额,169
魁,169
粱,169
考,169
蚤,168
眸,168
妾,168
纡,168
铸,168
揖,168
器,168
揽,167
炯,167
验,167
翘,167
吸,166
署,166
夭,166
铭,166
辜,166
飕,166
庸,165
咄,165
蝴,164
沐,164
伐,164
震,164
备,164
缄,164
窠,164
旨,163
沦,163
琢,163
吉,163
队,163
灞,163
栾,162
贞,162
庞,162
亮,162
跎,162
桡,162
敷,162
蔼,161
薜,161
萱,161
髻,160
挹,160
乏,160
晦,160
诛,160
刹,160
庚,160
橹,160
鹂,160
昂,159
泓,159
秉,159
弯,159
幄,159
啭,159
赓,159
诀,159
娘,158
颍,158
麽,158
濛,158
螺,158
勉,158
亚,157
麈,157
嘲,157
拱,157
玕,157
艺,157
茵,157
裴,157
鹰,157
隋,156
艾,156
则,156
葬,156
媒,156
琉,156
捣,156
阜,156
臭,156
隈,156
洋,156
乖,155
丑,155
辕,155
舫,155
卉,155
驹,154
峤,154
饷,154
储,154
骤,154
浣,153
墟,153
湲,153
勾,153
姚,152
鹉,152
屿,152
罍,152
舸,152
版,152
茆,151
猷,151
讵,151
奸,151
黎,151
蝇,150
漱,150
甜,150
兆,150
祭,150
赞,150
淋,150
匣,149
杵,149
攻,149
丸,149
翛,149
鸱,149
岖,149
率,149
爵,149
产,148
醾,148
茧,148
袭,148
矜,148
救,148
蕖,148
巅,148
吠,147
躯,147
掖,147
峻,147
肺,147
徵,147
颦,146
冯,146
泼,146
斫,146
蜗,146
窃,146
谱,145
葭,145
柘,145
害,145
廛,145
芋,145
胶,144
涩,144
莼,144
芭,144
捐,144
烽,144
雍,144
削,143
琶,143
吃,143
醺,143
芍,143
苕,143
涤,143
钿,143
琵,142
拖,142
警,142
婵,142
醇,142
漆,142
轧,141
曛,141
锥,141
骏,141
录,141
圭,141
箕,140
诉,140
稠,140
欤,140
沸,140
窦,140
琳,140
晕,140
喷,140
穗,140
淅,140
斤,139
阡,139
域,139
这,139
例,139
槁,139
濑,139
腐,139
隙,138
灌,138
潦,138
蕨,138
秃,138
亏,138
龛,138
忝,138
恣,138
液,137
茨,137
腴,137
耽,136
悄,136
扪,136
盗,136
绅,136
酴,136
吼,136
沿,136
楸,135
牖,135
炬,135
怆,135
躬,135
辄,135
搅,135
枣,134
蹑,134
研,134
暄,134
蛰,134
偿,134
癯,134
揭,134
仇,134
酥,134
掀,134
麝,134
擘,134
荧,133
忌,133
椿,133
镌,133
港,133
租,133
伫,132
蛛,132
囚,132
乎,132
获,132
缭,131
饵,131
沃,131
鹜,131
吕,131
濡,131
党,131
诘,131
赫,131
贝,130
嚣,130
郢,130
豚,130
挲,130
憩,129
显,129
褒,129
狎,129
灾,129
谣,129
骢,129
芹,129
祈,129
嗣,128
遁,128
眺,128
箸,128
蘋,128
讼,128
麒,128
择,128
钥,128
睹,128
箔,127
坎,127
炙,127
箨,127
狗,127
芸,127
羌,127
札,126
拭,126
粮,126
匡,126
给,126
臞,126
雌,126
豫,126
磴,125
辅,125
虬,125
呵,125
笏,125
怡,125
颁,125
毋,125
鼙,125
竺,125
妓,124
诧,124
穹,124
栈,124
掉,124
缩,124
冶,124
苞,124
桓,124
辍,124
梭,124
络,123
毂,123
唳,123
拚,123
驷,123
玑,122
甑,122
普,122
尼,122
驼,122
坦,122
窈,122
粘,122
遐,122
糁,122
肱,121
枢,121
昧,121
鸪,121
湍,121
煌,121
稷,121
惬,121
唾,121
惮,121
俸,121
互,121
谭,121
旒,120
枚,120
遨,120
彤,120
帅,120
夔,120
鸢,120
刃,120
酷,119
岘,119
徙,119
刍,119
盂,119
董,119
凶,119
渌,119
愤,119
庶,119
替,118
划,118
祀,118
癖,118
毗,118
皂,118
闷,118
冒,118
介,118
缁,118
乙,117
馥,117
翡,117
祇,117
袜,117
邱,117
旄,117
磊,117
财,116
囷,116
兽,116
瓣,116
俨,116
毒,116
竖,116
寇,116
堵,116
幼,116
袁,115
奁,115
嘘,115
瞰,115
唇,115
瞿,115
涎,114
佑,114
恙,114
配,114
楹,114
觥,114
敕,114
践,114
茱,113
誓,113
杭,113
芰,113
媿,113
族,112
栊,112
莹,112
僮,112
岷,112
霰,112
墅,112
蜕,112
垆,112
戚,112
垄,112
迫,111
抄,111
谐,111
酹,111
廓,111
勘,111
窝,111
阊,111
蕃,111
责,111
援,111
剖,110
榛,110
鹧,110
潋,110
麋,110
阆,110
慢,110
哗,109
瑚,109
概,109
奕,109
蹙,109
徽,109
萌,109
厅,109
奠,109
寡,109
聋,109
慷,109
膺,109
肆,108
麓,108
构,108
敝,108
漓,108
熳,108
賸,107
球,107
谊,107
秫,107
朗,107
窄,107
侪,107
聒,107
枰,107
帏,107
聪,106
挈,106
榼,106
蔷,106
呜,106
酲,106
昙,106
婴,105
狱,105
播,105
帛,105
蘧,105
箪,105
駸,105
组,104
汾,104
曦,104
签,104
菖,104
仿,104
矫,104
脍,104
煨,104
嵯,104
缝,104
腻,104
骇,103
滕,103
雠,103
菡,103
邹,103
讨,103
缸,103
绽,103
屑,103
鄙,102
迸,102
蹋,102
瑕,102
驯,102
训,102
爪,102
汴,102
瞒,102
拣,102
倘,102
烬,102
跸,101
陛,101
韬,101
俭,101
孺,101
奋,101
禊,101
牍,101
夙,101
迩,101
绂,101
嫋,101
蘸,100
僚,100
眷,100
暴,100
嗜,100
谬,100
涟,100
萏,99
槿,99
恃,99
恭,99
斸,99
燃,99
技,99
杓,99
祷,99
蠡,99
杪,99
务,98
亿,98
逊,98
灼,98
沥,98
填,98
踞,98
控,98
纯,97
薤,97
箱,97
泄,97
俦,97
矮,97
倏,97
舣,97
紧,96
骎,96
迤,96
奎,96
黏,96
弊,96
寮,96
喝,96
鲍,96
桨,96
敞,96
芊,96
鲲,96
皱,95
溢,95
撒,95
叨,94
萄,94
篝,94
渥,94
糟,94
谤,94
刮,94
臼,94
逗,94
副,94
糊,94
粼,94
榔,93
测,93
蹈,93
贴,93
堞,93
晒,93
垢,93
嵇,93
诞,93
级,93
谿,93
眇,93
罅,93
毵,93
矢,92
享,92
芥,92
仑,92
眩,92
楮,92
吁,92
竭,91
柰,91
嗅,91
穆,91
赛,91
镂,91
耘,91
翎,91
毁,91
厦,91
趺,91
尸,91
税,91
秩,90
蚊,90
襦,90
掬,90
栩,90
釜,90
纨,90
蒹,89
瞳,89
匠,89
槽,89
颖,89
柑,89
巉,89
叉,89
虾,89
屹,89
纖,88
匪,88
荼,88
啻,88
泮,88
猩,88
沤,88
娃,88
漳,88
衿,88
讴,88
苒,88
帙,88
滚,88
伽,87
庖,87
珂,87
腮,87
螯,87
轺,87
抗,87
摹,87
铄,87
潢,86
稿,86
褰,86
鬣,85
肘,85
询,85
翮,85
碾,85
缆,85
胭,85
碌,85
证,85
玻,84
悦,84
绩,84
辘,84
盎,84
婢,84
陷,84
螭,84
荀,84
捉,84
慧,84
阎,84
狸,83
巘,83
邯,83
饿,83
掣,83
湄,83
荚,83
抟,83
霅,82
遶,82
閟,82
槃,82
涪,82
浥,82
菟,82
淫,82
颅,82
块,82
撞,81
刊,81
逡,81
颔,81
炭,81
缪,81
闼,81
穰,81
谗,80
菩,80
涴,80
胧,80
峙,80
雩,80
潸,80
郸,80
旃,80
脑,80
闰,80
捻,80
甃,80
鹗,80
孱,80
坑,80
革,79
厄,79
纬,79
饯,79
杞,79
葺,79
忻,79
蒂,79
牒,79
茹,79
努,79
嗤,79
梓,79
伶,79
谟,79
蓦,79
漉,79
泗,79
哲,78
畿,78
嫦,78
砖,78
铗,78
育,78
汩,78
飚,78
麴,78
篘,78
霆,78
掾,78
橙,78
羯,78
欧,78
衬,78
瑰,77
虀,77
耄,77
躔,77
姜,77
逞,77
蕴,77
鵷,77
偈,77
钝,77
惺,77
脾,77
棺,77
姮,76
垅,76
骝,76
蛱,76
皤,76
窕,76
劣,76
蔌,76
烁,76
棂,75
崦,75
朦,75
咨,75
髓,75
嵌,75
卯,75
赭,75
笥,75
藁,74
讳,74
嶙,74
冀,74
蜃,74
鹘,74
鱠,74
描,74
戢,74
彷,73
偕,73
湫,73
戛,73
荇,73
伟,73
克,73
擢,73
邺,73
员,73
摆,73
躅,73
隽,73
璞,73
督,73
谯,73
爨,73
拓,73
讹,72
侠,72
创,72
轳,72
辩,72
棒,72
闪,72
演,72
灿,72
峋,72
泯,72
窍,72
觚,72
砥,72
式,72
淑,72
恢,72
疗,71
锵,71
曝,71
虱,71
歧,71
黔,71
撷,71
杼,71
豀,70
删,70
导,70
幌,70
什,70
沛,70
罕,70
驺,70
弗,70
铢,70
绍,70
抬,70
凯,70
馈,70
啾,70
撚,70
碛,70
亹,70
廪,70
么,70
柿,70
隼,70
盲,70
氲,69
筝,69
堑,69
彦,69
惧,69
曼,69
完,69
焙,69
邵,68
饕,68
靡,68
伪,68
舄,68
醴,68
滥,68
陟,68
苓,68
袈,68
羔,68
轰,68
薛,68
丙,68
扈,68
浔,67
贻,67
绢,67
貔,67
拒,67
梗,67
矍,67
豺,67
鉏,66
楞,66
脊,66
燎,66
衷,66
崩,66
骧,66
朴,66
酪,66
弧,65
帻,65
巳,65
泾,65
聘,65
荠,65
櫂,65
究,65
溺,65
恬,65
弘,65
渍,65
斲,65
挺,65
幔,65
枪,65
酊,65
氅,64
叱,64
岗,64
斝,64
悉,64
缟,64
觌,64
闉,64
睛,64
稔,64
滓,64
诺,64
縠,64
卸,64
靴,64
谨,64
贷,64
兜,64
鲛,64
蠲,64
亨,64
棣,63
蓿,63
孩,63
镫,63
簧,63
轸,63
矗,63
捲,63
婚,63
啜,63
裟,63
亟,63
酝,63
邈,63
甸,63
踵,62
绊,62
苜,62
婿,62
汪,62
牌,62
驽,62
奢,62
牋,62
柁,62
酩,62
湓,62
瀰,61
批,61
伎,61
腕,61
沂,61
佞,61
粤,61
蜍,61
掇,61
蹴,61
哺,61
哑,60
倡,60
苟,60
铛,60
搀,60
宪,60
塍,60
霍,60
缑,60
罔,60
雇,60
庇,60
屣,59
浃,59
吝,59
绯,59
膻,59
鼍,59
勃,59
喉,59
蟋,59
婉,59
汹,59
徼,59
蹰,59
酡,59
跋,59
迅,59
榕,59
迦,59
芷,59
惘,58
硬,58
绰,58
馔,58
滂,58
蟀,58
睨,58
讥,58
鬭,58
徉,58
躇,58
霎,58
憾,58
愔,58
虢,58
爇,58
裔,58
拿,58
蒋,57
辋,57
咿,57
阍,57
豸,57
椎,57
汞,57
岧,57
秣,57
阃,57
蚌,57
邃,57
隘,57
蔚,57
骞,57
擬,57
邓,57
叙,57
宏,57
壳,57
肴,57
猴,56
惑,56
蓴,56
邛,56
卦,56
姊,56
绘,56
焕,56
慎,56
踌,56
枳,56
樗,56
鷁,56
统,56
濂,56
徂,56
舅,56
寅,56
嫣,55
鹫,55
湔,55
钦,55
玳,55
觜,55
霾,55
踟,55
蕤,55
厉,55
菌,55
齁,55
蔗,55
绸,55
鞅,55
罩,55
述,54
搭,54
晤,54
蹲,54
柝,54
缬,54
股,54
腔,54
址,54
槊,54
槌,54
舠,54
欸,54
诰,54
彝,54
僵,54
恒,54
饰,54
箴,54
鸶,54
仟,54
敦,54
龚,54
肖,54
觐,53
绀,53
韭,53
棲,53
弩,53
妹,53
虔,53
蟆,53
纫,53
萃,53
茁,53
绾,53
忤,53
钺,53
恁,52
曩,52
猗,52
酤,52
藿,52
斥,52
狭,52
靓,52
煤,52
艘,52
揩,52
瞥,52
壼,52
婺,52
惰,52
轓,52
鄂,51
坰,51
绫,51
挼,51
曈,51
衍,51
需,51
弋,51
吒,51
鹚,51
擒,51
霹,51
娉,51
婷,51
蜓,50
坳,50
辖,50
逶,50
捕,50
谦,50
骂,50
從,50
苎,50
祓,50
箬,50
柚,50
讽,50
鹢,50
沌,50
恤,50
邸,50
铿,50
铎,50
详,50
枥,50
蓂,50
罨,50
盼,50
鳖,50
遵,49
畅,49
瞬,49
拊,49
琪,49
濠,49
耒,49
弈,49
濆,49
仄,49
坼,49
斓,49
喻,49
玷,49
俟,49
搘,49
谶,49
瓠,49
唧,49
陡,48
畎,48
纭,48
菘,48
祁,48
旛,48
缯,48
咍,48
髅,48
镳,48
疮,48
畹,48
炳,48
娄,48
脆,48
糜,48
罚,48
缤,48
茯,48
竽,48
伍,48
库,48
蹬,48
恸,48
析,48
皑,48
垓,48
溯,48
鹓,47
穑,47
祚,47
葆,47
裨,47
峣,47
敏,47
晞,47
骅,47
舻,47
粳,47
暾,47
饧,47
坂,47
伞,47
淼,47
筌,47
雳,47
澌,47
赌,47
浯,47
袴,47
愠,47
甍,47
沫,47
遒,47
诮,46
劈,46
刷,46
葫,46
枭,46
察,46
畲,46
洽,46
沮,46
徜,46
骋,46
瀣,46
骈,46
聃,46
擞,46
髦,46
货,46
缣,46
型,46
绠,46
轲,46
鴈,46
摄,45
雹,45
熨,45
菁,45
峒,45
辗,45
醖,45
髑,45
碓,45
蚀,45
孥,45
幙,45
贰,45
翚,45
爆,45
黠,45
泝,45
珥,45
泫,45
筛,45
闯,45
屧,45
匏,45
鹳,45
蕾,45
晡,45
姝,45
栎,45
缙,45
棚,45
磷,45
勺,45
翱,45
妩,44
蜻,44
澈,44
蓄,44
砾,44
颈,44
桴,44
菽,44
鞯,44
皈,44
粪,44
垫,44
腋,44
蘼,44
淙,44
齑,44
紵,44
跌,44
宕,44
审,44
挠,44
隣,44
蹭,44
侔,44
刳,44
堠,44
笈,44
逦,43
爻,43
蓠,43
堰,43
跹,43
潼,43
闵,43
协,43
皪,43
裛,43
呻,43
弭,43
啮,43
窖,43
甥,43
狄,43
舷,43
轨,43
诬,43
赚,43
罾,42
溉,42
吻,42
朅,42
狮,42
豳,42
措,42
钉,42
邙,42
掘,42
岱,42
赦,42
曜,42
鴃,42
罄,42
袋,42
荦,42
悰,42
榾,42
鴒,42
膳,42
秪,42
曷,42
崑,42
帚,42
鏁,42
褭,42
僊,42
蕲,42
窣,42
琥,42
陨,42
丫,42
锐,41
甕,41
硕,41
馋,41
磵,41
秾,41
沓,41
霙,41
仝,41
歙,41
沁,41
沱,41
剔,41
牯,41
璇,41
跏,41
氤,41
冗,41
沆,41
圜,41
磻,41
憀,41
钲,41
嬴,41
舴,41
艋,41
穠,41
觑,41
瀹,41
劚,41
脐,41
锸,41
貅,41
沅,41
憧,41
丐,41
杲,41
筍,41
挝,40
洄,40
纔,40
戌,40
贳,40
沄,40
椀,40
肚,40
靠,40
鶗,40
谀,40
歊,40
彰,40
琤,40
稜,40
荄,40
涸,40
醯,40
侈,40
媪,40
蜚,40
簷,40
珀,40
鶒,40
舶,40
耗,39
罂,39
俩,39
遏,39
鲵,39
褪,39
耦,39
芗,39
喔,39
醆,39
绨,39
猪,39
崧,39
佗,39
搏,39
缃,39
郤,39
繖,39
肋,39
睢,39
确,39
玺,39
栀,39
剌,39
镊,39
柮,39
珮,39
挨,39
壖,38
鹑,38
咬,38
瘠,38
嶒,38
腿,38
隶,38
舡,38
谆,38
笃,38
縻,38
距,38
抖,38
崛,38
灩,38
厢,38
弁,38
券,38
赎,38
括,38
髀,38
狞,38
羇,38
旟,38
某,38
紬,38
鸂,38
钳,38
罴,37
垠,37
虐,37
溷,37
匙,37
鑽,37
蜿,37
仔,37
鞠,37
泬,37
娆,37
蓟,37
臧,37
粹,37
撰,37
懽,37
旐,37
濒,37
漕,37
飙,37
缲,37
钜,36
蝗,36
皴,36
攘,36
骀,36
蓍,36
蹀,36
嘈,36
茜,36
臆,36
亘,36
翟,36
抑,36
鄱,36
核,36
庠,36
珪,36
葑,36
醮,36
旻,36
楷,36
卵,36
阗,36
陕,36
兢,36
杆,36
飖,36
鬻,36
飏,36
碣,36
簌,36
矻,36
鸬,36
寤,35
胪,35
嘱,35
饫,35
缗,35
阕,35
涅,35
蹁,35
醿,35
氈,35
桔,35
摸,35
魅,35
泷,35
诜,35
贲,35
殆,35
臯,35
鷃,35
猫,35
冽,35
埭,35
订,35
蜒,34
恕,34
崆,34
诳,34
缴,34
飐,34
屩,34
你,34
迈,34
釂,34
矛,34
佯,34
辂,34
崚,34
啖,34
桅,34
爷,34
溥,34
軿,34
渝,34
憨,34
疴,34
蚓,34
珉,34
钻,34
译,34
刈,34
摛,34
築,34
洮,34
蘖,34
姻,34
俚,34
窘,34
轼,34
旭,34
羃,34
纛,34
佚,34
黜,34
楠,34
渤,33
查,33
摅,33
祢,33
拼,33
岿,33
鄞,33
睿,33
揄,33
黼,33
秽,33
鹁,33
厩,33
糠,33
瞎,33
慙,33
奥,33
篦,33
攜,33
剃,33
嫔,33
簑,33
熠,33
廿,33
洼,33
刁,33
琱,33
厘,33
薏,33
苛,33
狡,33
琚,33
繇,33
谅,32
咀,32
绎,32
歛,32
籴,32
煞,32
阀,32
籯,32
愆,32
侄,32
搴,32
醽,32
粝,32
诣,32
扛,32
泳,32
崙,32
睫,32
瘿,32
颺,32
酽,32
壕,32
踯,32
链,32
鹪,32
萨,32
缶,32
昊,32
徇,32
汨,32
扆,32
诈,32
姥,32
喙,32
苡,32
荞,32
禀,32
祛,32
锻,32
楝,32
嗷,32
烝,31
嘴,31
埙,31
裕,31
痒,31
抡,31
艎,31
靳,31
茔,31
舳,31
繙,31
渎,31
拗,31
鎔,31
诃,31
疋,31
懦,31
懊,31
缫,31
皖,31
淝,31
姹,31
葡,31
殢,31
鼐,31
滁,31
悮,31
曰,31
斡,31
蝼,31
幂,31
舲,31
璨,30
惚,30
瞢,30
售,30
瑜,30
揉,30
咳,30
鑱,30
彫,30
镞,30
枌,30
帜,30
拽,30
醍,30
醐,30
恻,30
隗,30
帔,30
闢,30
蒨,30
撮,30
叵,30
孕,30
圯,30
辊,30
隳,30
雒,30
鹆,30
鵩,30
琰,30
鲙,30
脯,30
晁,30
迭,30
涔,30
铮,30
裀,30
枵,30
拶,29
嫖,29
猖,29
翊,29
荪,29
鬅,29
豢,29
槟,29
牟,29
闇,29
毬,29
飓,29
罥,29
圩,29
珰,29
泚,29
翥,29
膜,29
筐,29
跚,29
澎,29
岌,29
洙,29
毳,29
穉,29
卤,29
疠,29
醑,29
鼾,29
莘,29
狩,29
肪,29
傀,29
儡,29
砺,29
哥,29
猱,28
饴,28
遑,28
裤,28
貯,28
绚,28
谑,28
醲,28
鬙,28
匕,28
侏,28
譊,28
哢,28
氓,28
燮,28
鳄,28
钞,28
螀,28
帕,28
疵,28
槔,28
磔,28
狙,28
胄,28
戮,28
倪,28
巇,28
蓓,28
甄,28
俞,28
肓,28
跟,28
睦,28
缰,28
歉,28
寨,28
簸,28
悯,28
谛,28
竚,28
磐,28
槲,28
噫,28
濩,28
掺,28
押,28
剂,27
荜,27
贬,27
栅,27
咎,27
跪,27
贩,27
侑,27
蛆,27
祟,27
芡,27
琮,27
锱,27
巵,27
瑁,27
颸,27
俜,27
隰,27
荏,27
蹒,27
骐,27
赣,27
椰,27
瀼,27
羝,27
舰,27
娲,27
驩,27
闸,27
陲,27
煦,27
颭,27
脔,27
挫,27
潄,27
瘁,27
诠,27
熬,27
囘,27
泡,27
炽,27
泱,27
镐,27
邕,27
奄,26
逮,26
酎,26
荤,26
墦,26
躞,26
俾,26
怎,26
骆,26
豕,26
燥,26
炫,26
巑,26
彴,26
该,26
栉,26
窜,26
莉,26
苋,26
鏖,26
淘,26
濁,26
肢,26
甓,26
罹,26
懿,26
殁,26
企,26
溽,26
燧,26
沩,26
眯,26
桀,26
棕,26
械,26
崭,26
牺,26
嵋,26
孜,26
揣,26
蜘,26
迓,25
摵,25
炀,25
郴,25
攫,25
胞,25
睥,25
蘂,25
揶,25
缱,25
瓈,25
惶,25
桄,25
盥,25
捋,25
郄,25
柂,25
淤,25
琯,25
谕,25
旂,25
舐,25
赀,25
璀,25
嶮,25
杷,25
燔,25
绷,25
惫,25
麤,25
榄,25
姨,25
旰,25
採,25
壬,25
鹩,25
壅,25
汎,25
蛤,25
趾,25
礴,25
噀,25
喘,25
笭,25
箵,25
汙,25
馁,25
箓,24
篪,24
餍,24
潏,24
鍊,24
怊,24
敖,24
曨,24
牲,24
绻,24
埽,24
箠,24
悼,24
币,24
蔔,24
犂,24
芾,24
劾,24
狖,24
茏,24
癸,24
嚬,24
轿,24
眈,24
芟,24
陬,24
澒,24
蹔,24
饤,24
涡,24
樾,24
鹥,24
礬,24
苴,24
艮,24
呕,24
淇,24
踽,24
蜺,24
醁,24
琨,24
孽,24
聆,24
赪,23
巽,23
抉,23
萁,23
爰,23
猨,23
戊,23
莆,23
撤,23
芃,23
襆,23
颉,23
鳏,23
亢,23
琖,23
酉,23
盾,23
麹,23
颢,23
踊,23
辀,23
茉,23
诡,23
幰,23
鞬,23
繼,23
跛,23
孚,23
龊,23
裌,23
郫,23
殃,23
痍,23
竦,23
鲠,23
瘗,23
圻,23
菑,23
畜,23
薦,23
囿,23
赁,22
僦,22
凑,22
溧,22
胁,22
釐,22
儋,22
叛,22
鵰,22
篾,22
靥,22
澦,22
赍,22
鹎,22
篠,22
骓,22
鞿,22
歆,22
晻,22
壘,22
猕,22
臙,22
蜩,22
魃,22
薮,22
檗,22
嘿,22
兕,22
衽,22
瀚,22
瞑,22
魑,22
祲,22
暌,22
鹍,22
苧,22
恳,22
楯,22
镬,22
缅,22
懃,22
逵,22
髫,22
匈,22
忿,22
罇,22
籙,22
伥,22
蕡,21
恺,21
筩,21
呦,21
殖,21
璜,21
沴,21
舁,21
鸽,21
筦,21
晃,21
瘳,21
肇,21
鴂,21
铙,21
卞,21
砻,21
侨,21
陔,21
岏,21
秕,21
缇,21
韫,21
鵊,21
叮,21
酱,21
蚩,21
忺,21
輶,21
夤,21
瘼,21
驳,21
摺,21
汶,21
沪,21
毅,21
騑,21
黾,21
樛,21
缉,21
瓷,21
怖,21
秤,21
圞,21
僭,21
嘹,21
估,21
絇,21
筱,21
薝,21
膊,21
绥,21
伺,21
爬,21
豗,21
劬,21
璋,21
猊,21
贶,21
喃,21
熹,20
觇,20
筮,20
繻,20
禳,20
侮,20
诲,20
弼,20
鱣,20
斂,20
瓿,20
腑,20
酋,20
奖,20
袠,20
甬,20
閤,20
縢,20
邴,20
磈,20
燠,20
懶,20
诱,20
跕,20
鲭,20
鳷,20
翕,20
晷,20
赝,20
蒯,20
剜,20
洩,20
厥,20
祜,20
茭,20
酾,20
泸,20
绦,20
埒,20
覃,20
偻,20
抠,20
纩,20
汁,20
鄮,20
笞,20
圉,20
湮,20
韁,20
啧,20
抔,20
谠,20
溆,20
弛,20
瘵,20
拦,20
楣,20
铨,20
彬,20
粽,19
甯,19
孀,19
譬,19
睇,19
矰,19
镰,19
褵,19
眵,19
幮,19
哄,19
黟,19
厕,19
噎,19
鞘,19
咛,19
碪,19
妥,19
娶,19
霈,19
鹡,19
鎚,19
垦,19
亥,19
鍼,19
扳,19
讣,19
殒,19
硖,19
磋,19
箦,19
飨,19
诤,19
垤,19
驶,19
皦,19
烨,19
鼋,19
骡,19
戾,19
絺,19
庑,19
狨,19
摊,19
椠,19
汐,19
醨,19
绉,19
澳,19
耨,19
榱,18
褥,18
豉,18
痾,18
莳,18
吓,18
骛,18
阐,18
褷,18
痼,18
怳,18
赡,18
奂,18
楂,18
綦,18
萎,18
嫡,18
捩,18
鹞,18
谥,18
糕,18
挤,18
逻,18
妪,18
攲,18
颤,18
鉤,18
捍,18
喈,18
掞,18
橄,18
熔,18
聱,18
驮,18
鬐,18
雎,18
硎,18
允,18
扊,18
忪,18
鳜,18
伧,18
翫,18
犍,18
拯,18
枇,18
禋,18
肮,18
脏,18
儘,18
窅,18
漭,18
墩,18
罟,18
枨,18
襞,18
励,18
秔,18
跖,18
暧,18
厮,18
摐,18
匿,18
穟,17
痊,17
絷,17
玦,17
蓊,17
铓,17
飧,17
佣,17
阪,17
纾,17
颃,17
嶢,17
荃,17
譍,17
殚,17
矩,17
臻,17
怛,17
窭,17
鞾,17
轂,17
椹,17
莪,17
璁,17
炮,17
釭,17
煜,17
浚,17
鎌,17
籥,17
獬,17
谴,17
龌,17
胃,17
酢,17
诙,17
扅,17
鲫,17
澥,17
撇,17
苻,17
殉,17
吭,17
篸,17
稗,17
箑,17
斚,17
僛,17
纠,17
镵,17
湟,17
胯,17
殇,17
搓,17
簉,17
匮,17
蒪,17
灊,17
跫,17
篑,17
璚,17
篛,17
狺,17
悌,16
墉,16
耜,16
娜,16
遄,16
滉,16
勍,16
捎,16
丕,16
漙,16
拏,16
铉,16
踰,16
胝,16
複,16
俛,16
竅,16
猝,16
滪,16
嶷,16
彘,16
偎,16
蒜,16
咒,16
詹,16
隍,16
粕,16
饲,16
畚,16
汇,16
赘,16
缔,16
傩,16
傞,16
锤,16
蕝,16
孑,16
獭,16
騃,16
悍,16
鸜,16
虯,16
捏,16
歃,16
煖,16
螳,16
巩,16
谄,16
骁,16
邢,16
暘,16
宓,16
胙,16
戆,16
蔻,16
棐,16
哂,16
螟,15
暍,15
衒,15
凹,15
拉,15
娩,15
蠖,15
禧,15
玛,15
逖,15
蜉,15
苫,15
瓴,15
蓐,15
趼,15
嫂,15
忱,15
啁,15
璎,15
啅,15
毯,15
抢,15
磑,15
揆,15
跗,15
拋,15
圈,15
砭,15
昴,15
亸,15
挛,15
歜,15
橡,15
璈,15
欻,15
蔺,15
莞,15
枸,15
轶,15
阇,15
伛,15
徭,15
渗,15
慑,15
桁,15
殄,15
鍪,15
鲂,15
徨,15
桤,15
藐,15
欷,15
葳,15
灏,15
腷,15
皁,15
標,15
铫,15
颙,15
胫,15
簦,15
毓,15
愦,15
蔫,15
牝,15
忒,15
畀,14
攸,14
淖,14
踢,14
嵚,14
哇,14
碁,14
趯,14
瑙,14
龉,14
沔,14
樟,14
筼,14
筜,14
虮,14
玫,14
悽,14
搆,14
扼,14
笾,14
胖,14
蒌,14
袷,14
蝟,14
硗,14
蜑,14
厖,14
燐,14
绋,14
褫,14
菅,14
遯,14
貉,14
麰,14
裸,14
緌,14
骠,14
齧,14
啬,14
髠,14
鸲,14
媸,14
躁,14
蠢,14
恓,14
涣,14
玠,14
瘢,14
屼,14
胚,14
蛊,14
榷,14
蚋,14
洳,14
鄜,14
棼,14
牓,14
馌,14
睎,14
跬,14
瘖,14
钤,14
鲑,14
袒,14
褚,14
讙,13
锼,13
荛,13
芼,13
龃,13
蝣,13
蒺,13
醋,13
拌,13
恂,13
盃,13
耰,13
堙,13
诫,13
枘,13
觊,13
鸮,13
璫,13
玖,13
蹶,13
邅,13
枻,13
琬,13
棉,13
襜,13
塚,13
础,13
袢,13
汰,13
幛,13
遡,13
劄,13
蜊,13
褌,13
彀,13
汛,13
莸,13
忉,13
贽,12
櫜,12
斐,12
旴,12
琛,12
塾,12
挞,12
獃,12
钁,12
螘,12
辑,12
喑,12
倖,12
鞴,12
蟒,12
淬,12
蔀,12
咚,12
寘,12
喫,12
筴,12
罽,12
兑,12
隄,12
键,12
徕,12
阱,12
羿,12
崤,11
珞,11
頳,11
噬,11
迨,11
诔,11
獠,11
呀,11
蔕,11
募,11
嫠,11
箎,11
跣,11
潞,11
羶,11
螂,11
殡,11
镝,11
蔑,11
茄,11
哮,11
騄,11
铦,11
歈,11
脩,11
鋋,11
鱍,11
噤,11
辣,10
鮓,10
糖,10
黉,10
緼,10
黥,10
瞽,10
俘,9
橛,9
嘤,9
盱,9
儆,9
锹,9
祐,8
镆,7
闤,7
嗫,7
鹴,7
鹈,7
葅,7
蠃,6
崒,6
捞,5
榈,5
虺,4
蝠,4
璠,3
蝀,3
髴,3
蛄,2
鵁,1